transcript_id	gene_name	eval_type	n_pairs	n_reads_any	max_TE_cov_frac	max_host_cov_frac	max_pair_cov_frac	n_TE_host_junction_reads_10bp	TE_host_junction_support_10bp	n_TE_host_anchor75_reads	TE_host_anchor75_support
MSTRG.58396.3	Slc22a28	multi_exon	7	3177	1	1	1	205	Yes	4	Yes
MSTRG.85804.2	Speer4e	multi_exon	22	43904	1	1	1	4993	Yes	53	Yes
MSTRG.27351.1	Gm6803	multi_exon	5	43442	1	1	1	6060	Yes	3966	Yes
MSTRG.81899.1	Gm12823	multi_exon	16	208204	1	1	1	30242	Yes	1271	Yes
MSTRG.3593.11	Gm28940	multi_exon	79	1535475	1	1	1	68042	Yes	10	Yes
MSTRG.99371.2	Klrb1	multi_exon	6	106	0	1	0.918641	0	-	0	-
MSTRG.99371.3	Klrb1	multi_exon	6	106	0	0.766174	0.736533	0	-	0	-
MSTRG.106903.2	Rbbp6	multi_exon	5	2785	1	1	1	559	Yes	51	Yes
MSTRG.60463.10	Scd3	multi_exon	10	58142	1	1	1	10760	Yes	3069	Yes
MSTRG.106903.4	Rbbp6	multi_exon	1	818	1	1	1	468	Yes	17	Yes
MSTRG.75674.9	6530403H02Rik	multi_exon	1	554	1	1	1	251	Yes	6	Yes
MSTRG.99279.8	Cracr2a	multi_exon	1	272	1	1	0.672755	58	Yes	0	-
MSTRG.19261.1	Clec10a	multi_exon	1	31910	1	0.615703	0.563136	1548	Yes	0	-
MSTRG.55556.1	Fgf1	multi_exon	1	1607	1	0.828488	0.745917	145	Yes	0	-
MSTRG.55556.2	Fgf1	multi_exon	1	1607	1	0.82835	0.745734	145	Yes	0	-
MSTRG.20286.1	Slfn2	multi_exon	138	1495435	1	0.949956	0.816265	25422	Yes	4	Yes
MSTRG.64591.20	Ppig	multi_exon	2	2578	1	1	1	333	Yes	16	Yes
MSTRG.100962.1	Zfp110	multi_exon	1	669	1	1	0.837022	3	Yes	0	-
MSTRG.121717.2	Fundc1	multi_exon	13	94123	1	1	1	7063	Yes	1581	Yes
ENSMUST00000203666.1	RP23-142H1.2	multi_exon	1	196	1	1	0.596992	19	Yes	0	-
MSTRG.92976.10	Usp12	multi_exon	5	3244	1	1	1	29	Yes	3	Yes
ENSMUST00000167908.1	Gm17019	multi_exon	29	105468	1	1	1	9298	Yes	419	Yes
MSTRG.34788.1	BC147527	multi_exon	7	13457	1	1	1	1534	Yes	90	Yes
MSTRG.34788.2	BC147527	multi_exon	1	3067	1	1	1	1498	Yes	872	Yes
ENSMUST00000133333.1	Drr1	multi_exon	1	14058	1	1	0.943876	0	-	0	-
MSTRG.109121.10	Csmd1	multi_exon	23	4572	1	1	0.831933	43	Yes	0	-
MSTRG.81778.15	Eps15	multi_exon	10	39797	1	1	1	6383	Yes	4301	Yes
MSTRG.34788.4	Tcstv3	multi_exon	1	4849	1	1	1	1985	Yes	1149	Yes
MSTRG.81463.2	Gm37253	multi_exon	5	796	1	1	1	335	Yes	235	Yes
MSTRG.69258.1	Snai1	multi_exon	28	72454	1	1	1	8351	Yes	1153	Yes
MSTRG.43075.3	Nfam1	multi_exon	11	46	0.379032	1	0.854206	3	Yes	0	-
MSTRG.49495.2	Vmn2r94	multi_exon	4	6865	1	1	1	134	Yes	27	Yes
MSTRG.96449.1	Igkv10-96	single_exon	10	2558	1	1	1	312	Yes	19	Yes
MSTRG.7384.10	Ddr2	multi_exon	7	12909	1	1	1	1949	Yes	61	Yes
MSTRG.74182.5	Tdpoz4	multi_exon	1	1160	1	1	1	387	Yes	2	Yes
MSTRG.94207.1	RP24-301O17.1	multi_exon	2	5502	1	1	0.932447	1890	Yes	22	Yes
MSTRG.9384.5	Epm2a	multi_exon	8	4798	1	1	1	656	Yes	282	Yes
MSTRG.22415.1	Gprc5c	multi_exon	8	1155	1	1	1	197	Yes	34	Yes
MSTRG.94207.4	RP24-301O17.3	multi_exon	8	249	1	1	1	60	Yes	38	Yes
MSTRG.59912.11	Ankrd22	multi_exon	1	55498	1	1	0.688956	51	Yes	0	-
MSTRG.7384.19	Ddr2	multi_exon	5	5196	1	1	1	150	Yes	3	Yes
MSTRG.80555.9	Dennd4c	multi_exon	16	190341	1	1	1	19504	Yes	2445	Yes
MSTRG.119034.1	Gm9621	multi_exon	1	15071	1	1	0.789792	2	Yes	0	-
MSTRG.71636.13	Spata5	multi_exon	11	3342	1	1	1	79	Yes	10	Yes
MSTRG.74129.1	Sprr2e	multi_exon	1	1106	1	1	0.875252	47	Yes	0	-
MSTRG.3719.32	Gm6264	multi_exon	17	143425	1	1	1	17762	Yes	27	Yes
MSTRG.101339.3	Psg20	multi_exon	13	807975	1	1	1	145762	Yes	2457	Yes
MSTRG.26314.11	Daam1	multi_exon	16	353545	1	1	1	67202	Yes	3232	Yes
MSTRG.65036.18	Cwc22	multi_exon	17	7289	1	1	1	597	Yes	12	Yes
MSTRG.6378.1	Gm28610	multi_exon	1	17940	1	1	0.816062	0	-	0	-
MSTRG.6378.2	Gm28610	multi_exon	1	1470	1	1	1	1	Yes	1	Yes
MSTRG.46962.2	Drd3	multi_exon	1	217	1	1	0.744186	7	Yes	0	-
MSTRG.34768.4	Gm21761	multi_exon	14	14644	1	1	1	2843	Yes	332	Yes
MSTRG.101887.1	Cyp2b23	multi_exon	4	170	1	1	1	66	Yes	17	Yes
MSTRG.34768.6	Gm21358	multi_exon	19	284251	1	1	1	16681	Yes	864	Yes
MSTRG.71216.24	Gm38258	multi_exon	10	67605	1	1	1	10446	Yes	8378	Yes
MSTRG.76455.3	Gm22468	multi_exon	1	1706	1	1	0.852142	816	Yes	0	-
MSTRG.71216.25	Gm38153	multi_exon	119	673864	1	1	1	20437	Yes	85	Yes
MSTRG.96129.18	Ccser1	multi_exon	1	20971	1	1	0.856881	19	Yes	0	-
MSTRG.104320.1	Gm7627	multi_exon	1	198	0.831354	1	0.8159	131	Yes	1	Yes
MSTRG.111103.8	March1	multi_exon	10	6388	1	1	1	1727	Yes	1258	Yes
MSTRG.33815.2	1700029F12Rik	multi_exon	11	295920	1	1	1	77159	Yes	46	Yes
MSTRG.84441.2	Gm13046	multi_exon	1	24298	1	1	0.646417	11	Yes	0	-
MSTRG.2358.6	9130227L01Rik	multi_exon	13	77401	1	1	1	8580	Yes	587	Yes
MSTRG.103345.17	0610005C13Rik	multi_exon	10	10981	1	1	1	366	Yes	170	Yes
MSTRG.74179.1	Gm5541	multi_exon	1	1316	1	1	1	613	Yes	1	Yes
MSTRG.64660.1	Dcaf17	multi_exon	1	104	1	1	1	4	Yes	2	Yes
MSTRG.1974.12	Dnah7b	multi_exon	1	73	0.312741	1	0.264205	0	-	0	-
MSTRG.28622.6	Cep170b	multi_exon	2	24	1	1	0.996324	2	Yes	2	Yes
MSTRG.90671.3	Ccdc60	multi_exon	5	84090	1	1	1	293	Yes	30	Yes
ENSMUST00000138751.1	AU019990	multi_exon	1	1238	1	1	1	511	Yes	35	Yes
MSTRG.59912.2	Ankrd22	multi_exon	10	48697	1	1	1	15102	Yes	12043	Yes
MSTRG.90671.9	Ccdc60	multi_exon	5	6871	1	1	0.969512	614	Yes	3	Yes
MSTRG.93349.1	RP24-211L21.3	multi_exon	13	104427	1	1	1	15461	Yes	419	Yes
ENSMUST00000106919.6	B020004J07Rik	multi_exon	1	1546	1	1	1	296	Yes	3	Yes
MSTRG.93349.2	RP24-211L21.3	multi_exon	23	147933	1	1	1	15746	Yes	46	Yes
MSTRG.124873.27	Atrx	multi_exon	5	4037	1	1	1	234	Yes	65	Yes
MSTRG.59912.6	Ankrd22	multi_exon	4	241441	1	1	1	107364	Yes	42	Yes
MSTRG.59912.7	Ankrd22	multi_exon	19	8222	1	1	1	199	Yes	6	Yes
ENSMUST00000195698.1	Gm38049	single_exon	16	182931	1	1	1	32482	Yes	21	Yes
MSTRG.27018.8	Rbm25	multi_exon	4	36014	1	1	1	30	Yes	6	Yes
MSTRG.121985.2	Ppp1r2-ps7	multi_exon	13	146098	1	1	1	29429	Yes	1016	Yes
MSTRG.72777.11	Arhgef26	multi_exon	16	195203	1	1	1	36944	Yes	6512	Yes
MSTRG.27343.1	Gm2035	multi_exon	5	32623	1	1	1	13536	Yes	5608	Yes
MSTRG.72777.12	Arhgef26	multi_exon	17	199262	1	1	1	36992	Yes	54	Yes
MSTRG.72777.13	Arhgef26	multi_exon	16	195191	1	1	1	36944	Yes	6512	Yes
MSTRG.58371.1	Pla2g16	multi_exon	1	715	1	1	0.997807	188	Yes	8	Yes
MSTRG.6096.9	Gm16332	multi_exon	2	1209	1	1	0.991582	75	Yes	2	Yes
MSTRG.712.1	MSTRG.712	single_exon	3	62876	1	1	1	27955	Yes	45	Yes
MSTRG.2948.11	Spag16	multi_exon	1	2654	1	1	0.998214	102	Yes	3	Yes
MSTRG.120290.1	4921528I07Rik	multi_exon	2	41	1	1	1	12	Yes	11	Yes
MSTRG.84478.1	Gm13119	multi_exon	20	2861	1	1	1	223	Yes	6	Yes
MSTRG.16220.1	C1d	multi_exon	1	2349	1	1	1	1415	Yes	51	Yes
MSTRG.51637.1	1700067P10Rik	multi_exon	8	619	1	1	1	120	Yes	102	Yes
MSTRG.76046.1	Rpl7a-ps7	multi_exon	17	74140	1	1	1	9759	Yes	2545	Yes
MSTRG.97349.1	Gm5577	multi_exon	1	5276	1	0.840359	0.653412	0	-	0	-
MSTRG.97349.2	Gm5577	multi_exon	10	30760	1	1	1	2508	Yes	729	Yes
MSTRG.117662.1	Fem1b	multi_exon	5	128571	1	1	1	43820	Yes	9	Yes
MSTRG.106603.8	Syt17	multi_exon	18	2677	1	1	1	703	Yes	175	Yes
MSTRG.117662.4	Gm10653	multi_exon	2	52519	1	1	1	1350	Yes	3	Yes
MSTRG.105171.1	Fzd4	multi_exon	10	53966	1	1	1	16404	Yes	5234	Yes
MSTRG.117662.8	Gm10653	multi_exon	2	51216	1	1	1	1305	Yes	5	Yes
MSTRG.21389.1	Gm11560	multi_exon	4	24839	1	1	1	130	Yes	6	Yes
MSTRG.109344.1	Fam90a1a	multi_exon	1	587	1	1	0.753176	3	Yes	0	-
ENSMUST00000164838.2	Gm4027	multi_exon	5	132451	1	1	1	85409	Yes	43996	Yes
ENSMUST00000141391.1	Gm11281	single_exon	1	590	1	1	0.991776	138	Yes	3	Yes
MSTRG.3677.7	Dner	multi_exon	13	131874	1	1	1	16129	Yes	2465	Yes
ENSMUST00000190512.1	Tcstv1	multi_exon	1	7229	1	1	1	2459	Yes	1573	Yes
ENSMUST00000120122.6	Cul5	multi_exon	4	4894	1	1	1	1060	Yes	211	Yes
MSTRG.1133.6	Gm9458	multi_exon	1	575	1	1	1	140	Yes	99	Yes
MSTRG.109121.7	Csmd1	multi_exon	10	51328	1	1	1	7088	Yes	2015	Yes
MSTRG.109121.9	Csmd1	multi_exon	2	6270	1	1	1	40	Yes	25	Yes
MSTRG.102896.1	Gm5590	multi_exon	17	12338	1	1	1	765	Yes	12	Yes
ENSMUST00000195797.1	D13Ertd608e	multi_exon	1	10063	1	1	1	7057	Yes	4921	Yes
MSTRG.66188.1	Gm13962	multi_exon	13	200560	1	1	1	33457	Yes	1589	Yes
MSTRG.66188.2	Gm13962	multi_exon	13	199669	1	1	1	33273	Yes	1579	Yes
MSTRG.74357.1	Hmgb1-ps5	multi_exon	13	67421	1	1	1	10190	Yes	16	Yes
MSTRG.97062.7	Zfp638	multi_exon	1	1657	1	1	0.925382	8	Yes	0	-
MSTRG.114507.2	2810004N23Rik	multi_exon	19	234671	1	1	1	37370	Yes	4544	Yes
MSTRG.1276.21	Dst	multi_exon	1	3436	1	1	0.867804	0	-	0	-
MSTRG.1276.25	Dst	multi_exon	10	32262	1	1	1	2024	Yes	523	Yes
MSTRG.35051.17	Ptprg	multi_exon	8	1523	1	1	1	49	Yes	43	Yes
MSTRG.21816.23	Nsf	multi_exon	3	1059	1	1	1	113	Yes	50	Yes
MSTRG.36540.16	Gm25353	multi_exon	1	1213	1	0.373023	0.368546	176	Yes	0	-
MSTRG.122652.1	Rbmx2	multi_exon	1	614	1	1	1	226	Yes	11	Yes
MSTRG.6422.3	Colgalt2	multi_exon	13	76854	1	1	1	12701	Yes	851	Yes
ENSMUST00000181983.6	Rbm25	multi_exon	1	1492	1	1	1	609	Yes	503	Yes
MSTRG.15441.4	Olfr787	multi_exon	1	1443	1	0.655977	0.635593	264	Yes	0	-
ENSMUST00000193748.1	Gm37260	single_exon	7	626	1	1	0.898127	151	Yes	0	-
MSTRG.3090.12	Gm29183	multi_exon	2	119	1	1	1	37	Yes	30	Yes
MSTRG.109889.1	Gm5117	multi_exon	1	7064	1	1	1	1440	Yes	7	Yes
MSTRG.3090.14	Gm29183	multi_exon	13	58698	1	1	1	9585	Yes	1147	Yes
MSTRG.33174.1	Fam172a	multi_exon	25	1234098	1	1	1	185863	Yes	13	Yes
MSTRG.3090.15	Gm29183	multi_exon	13	58464	1	1	1	9589	Yes	1150	Yes
MSTRG.60765.10	Obfc1	multi_exon	7	5784	1	1	1	2664	Yes	2446	Yes
MSTRG.21921.15	Tanc2	single_exon	68	361681	1	1	1	10633	Yes	3	Yes
MSTRG.26391.1	Slc38a6	single_exon	5	4862	1	1	1	1486	Yes	48	Yes
MSTRG.98930.10	Rimklb	multi_exon	1	1722	1	1	1	670	Yes	314	Yes
MSTRG.21899.3	Tlk2	multi_exon	14	1906	1	1	1	265	Yes	36	Yes
MSTRG.98930.11	Rimklb	multi_exon	1	1722	1	1	1	670	Yes	314	Yes
MSTRG.84444.17	Gm13040	multi_exon	1	2559	1	1	1	564	Yes	499	Yes
MSTRG.21899.5	Tlk2	multi_exon	22	7418	1	1	1	943	Yes	56	Yes
MSTRG.28860.1	Cdca7l	multi_exon	1	5175	1	1	1	15	Yes	7	Yes
MSTRG.120638.1	Myrip	multi_exon	13	101494	1	1	1	17899	Yes	2850	Yes
MSTRG.54871.1	Gm23606	multi_exon	17	89183	1	1	1	13211	Yes	399	Yes
MSTRG.108994.8	Dlgap2	multi_exon	13	29010	1	1	1	7268	Yes	2428	Yes
MSTRG.15451.1	Olfr815	multi_exon	1	807	1	1	1	320	Yes	6	Yes
MSTRG.122268.7	Lonrf3	multi_exon	3	119	1	1	1	15	Yes	13	Yes
MSTRG.68677.1	Lbp	multi_exon	16	319859	1	1	1	60317	Yes	6487	Yes
MSTRG.37701.8	Fam124a	multi_exon	9	23	1	1	0.957746	2	Yes	0	-
MSTRG.83446.1	Wdtc1	multi_exon	16	6268	1	1	1	982	Yes	331	Yes
MSTRG.37701.9	Fam124a	multi_exon	9	20	1	1	0.957746	2	Yes	0	-
MSTRG.3593.1	Gm22112	multi_exon	10	56343	1	1	1	13334	Yes	7894	Yes
MSTRG.76269.1	Gm25042	multi_exon	1	13612	1	0.169874	0.166298	139	Yes	0	-
MSTRG.13935.2	Gm16239	multi_exon	1	1161	1	1	0.926335	232	Yes	3	Yes
MSTRG.3593.4	Gm22112	multi_exon	91	2111694	1	1	1	112474	Yes	3506	Yes
MSTRG.13935.3	Gm16239	multi_exon	1	1161	1	1	0.926335	232	Yes	3	Yes
MSTRG.36548.1	Gm15218	multi_exon	13	99475	1	1	1	12924	Yes	372	Yes
MSTRG.76269.4	Gm25042	multi_exon	1	918	1	1	0.854418	107	Yes	0	-
MSTRG.89209.1	MSTRG.89209	multi_exon	7	213443	1	1	1	183	Yes	71	Yes
MSTRG.36548.2	Gm15218	multi_exon	10	11355	1	1	1	1545	Yes	956	Yes
MSTRG.81279.5	B020004J07Rik	multi_exon	1	1546	1	1	1	296	Yes	3	Yes
MSTRG.55622.1	Prelid2	multi_exon	16	82983	1	1	1	9760	Yes	554	Yes
ENSMUST00000110147.2	Gm2016	multi_exon	5	71130	1	1	1	40121	Yes	19927	Yes
MSTRG.124816.1	Gm6285	multi_exon	1	331	1	1	0.504386	0	-	0	-
MSTRG.18523.1	Gm12714	multi_exon	4	3748	1	1	1	108	Yes	24	Yes
MSTRG.95571.3	RP24-238J9.3	multi_exon	2	11360	1	1	0.951663	2315	Yes	1	Yes
MSTRG.79473.1	Gm12475	multi_exon	22	12390	1	1	1	1546	Yes	11	Yes
MSTRG.52126.5	Nudt12	multi_exon	1	470	1	1	0.717647	1	Yes	0	-
MSTRG.38608.25	Diap3	multi_exon	1	4399	1	1	0.633588	2	Yes	0	-
MSTRG.38608.26	Diap3	multi_exon	10	37676	1	1	1	8320	Yes	2561	Yes
MSTRG.38608.27	Diap3	multi_exon	14	47886	1	1	1	8532	Yes	192	Yes
MSTRG.89185.1	RP23-173B14.3	multi_exon	14	1614	1	1	1	104	Yes	6	Yes
MSTRG.47029.1	BC027231	multi_exon	16	235156	1	1	1	30058	Yes	3049	Yes
MSTRG.47029.2	BC027231	multi_exon	2	18740	1	1	1	57	Yes	48	Yes
MSTRG.81289.2	Gm12790	multi_exon	4	172242	1	1	1	2690	Yes	22	Yes
MSTRG.94886.2	Svopl	multi_exon	59	84046	1	1	0.90583	1188	Yes	3	Yes
MSTRG.94886.3	Svopl	multi_exon	1	277	1	1	1	150	Yes	91	Yes
MSTRG.74146.1	Gm4858	multi_exon	1	1956	1	0.856491	0.828631	759	Yes	0	-
ENSMUST00000197530.1	RP23-209N19.1	single_exon	8	1172	1	1	1	160	Yes	28	Yes
MSTRG.16943.1	Gm12088	multi_exon	1	2234	1	1	0.757252	7	Yes	0	-
MSTRG.88158.3	Kctd8	multi_exon	4	55073	1	1	0.967433	24827	Yes	0	-
MSTRG.88158.4	Kctd8	multi_exon	10	23342	1	1	1	4840	Yes	1457	Yes
MSTRG.113668.12	Wwox	multi_exon	2	326	0.497596	1	0.723036	0	-	0	-
MSTRG.66376.1	Fam98b	multi_exon	1	1007	1	1	1	153	Yes	3	Yes
ENSMUST00000189514.1	6030407O03Rik	multi_exon	19	17721	1	1	1	2052	Yes	80	Yes
MSTRG.61793.1	Echdc3	multi_exon	16	23259	1	1	1	4791	Yes	1004	Yes
MSTRG.85821.3	RP24-152F23.2	multi_exon	20	10372	1	1	1	424	Yes	101	Yes
MSTRG.45695.1	Klhl6	multi_exon	18	135223	1	1	1	2036	Yes	43	Yes
MSTRG.56314.3	Aldh7a1	multi_exon	31	54	1	0.766716	0.711196	6	Yes	0	-
MSTRG.59010.6	Prune2	multi_exon	29	48790	1	1	0.9271	4481	Yes	43	Yes
MSTRG.7384.25	Ddr2	multi_exon	11	17997	1	1	1	2126	Yes	37	Yes
MSTRG.11793.1	Stox1	multi_exon	19	98545	1	1	1	16629	Yes	2072	Yes
MSTRG.11793.2	Stox1	multi_exon	4	17430	1	1	0.989848	42	Yes	4	Yes
MSTRG.58508.1	MSTRG.58508	single_exon	8	1199	1	1	0.995868	430	Yes	126	Yes
MSTRG.23404.1	Pum2	multi_exon	10	41192	1	1	0.825378	984	Yes	0	-
MSTRG.89530.11	Wdfy3	multi_exon	17	16133	1	1	1	2654	Yes	7	Yes
MSTRG.65036.24	Cwc22	multi_exon	1	487	1	1	1	9	Yes	2	Yes
MSTRG.120742.9	Sec22c	multi_exon	14	6531	1	1	1	1324	Yes	187	Yes
MSTRG.518.1	Ncoa2	multi_exon	13	167653	1	1	1	25508	Yes	722	Yes
MSTRG.65036.25	Cwc22	multi_exon	1	928	1	1	1	8	Yes	2	Yes
ENSMUST00000160182.1	Gm16239	multi_exon	1	1161	1	1	0.926335	232	Yes	3	Yes
MSTRG.35175.2	Psmd6	multi_exon	1	23787	1	1	0.755591	174	Yes	0	-
MSTRG.40145.2	Pdzd2	multi_exon	2	1321	1	1	1	20	Yes	6	Yes
MSTRG.122748.4	Gpc3	multi_exon	2	1809	1	1	1	512	Yes	44	Yes
MSTRG.96129.20	Ccser1	multi_exon	4	80000	1	1	1	35813	Yes	102	Yes
MSTRG.45276.1	MSTRG.45276	single_exon	69	334267	1	1	1	17933	Yes	8	Yes
MSTRG.96129.22	Ccser1	multi_exon	10	55897	1	1	1	8925	Yes	2658	Yes
MSTRG.24309.1	Gm9286	multi_exon	2	21577	1	1	1	103	Yes	8	Yes
MSTRG.76190.8	Papss1	multi_exon	5	5491	1	1	1	16	Yes	2	Yes
MSTRG.24257.10	2410018L13Rik	multi_exon	36	2923	1	1	1	135	Yes	9	Yes
ENSMUST00000200169.3	Chd8	multi_exon	21	5494	1	1	1	358	Yes	48	Yes
MSTRG.42545.1	4930571N24Rik	single_exon	28	239833	1	1	1	15626	Yes	19	Yes
MSTRG.98930.6	Rimklb	multi_exon	1	1722	1	1	1	670	Yes	314	Yes
MSTRG.45315.1	A630010A05Rik	single_exon	32	953361	1	1	0.634323	84430	Yes	0	-
MSTRG.98930.9	Rimklb	multi_exon	1	1722	1	1	1	670	Yes	314	Yes
MSTRG.7332.3	Lmx1a	multi_exon	13	470749	1	1	1	110903	Yes	14403	Yes
MSTRG.7332.4	Lmx1a	multi_exon	1	33346	1	1	0.997938	10	Yes	1	Yes
MSTRG.73258.2	Gm6634	multi_exon	1	16994	1	1	0.854369	77	Yes	1	Yes
MSTRG.3090.7	Gm29183	multi_exon	13	59430	1	1	1	9589	Yes	1147	Yes
MSTRG.11225.1	Mcm9	multi_exon	10	87958	1	1	1	20840	Yes	6417	Yes
MSTRG.35762.9	Duxbl3	multi_exon	2	1045	1	1	1	239	Yes	20	Yes
MSTRG.47207.4	Gm15518	multi_exon	1	779	1	1	0.780597	44	Yes	0	-
MSTRG.11225.2	Mcm9	multi_exon	22	255872	1	1	1	369	Yes	40	Yes
MSTRG.11225.3	Mcm9	multi_exon	22	255872	1	1	1	369	Yes	40	Yes
MSTRG.34768.12	Gm21761	multi_exon	11	56348	1	1	1	5604	Yes	566	Yes
MSTRG.57145.14	Dym	multi_exon	7	1568	0.276442	1	0.865546	0	-	0	-
MSTRG.106180.4	Ric3	multi_exon	14	287262	1	1	1	56963	Yes	4058	Yes
MSTRG.43844.2	Scaf11	multi_exon	7	168852	1	1	0.866667	49874	Yes	0	-
MSTRG.122877.1	Gm22103	multi_exon	1	4400	1	0.247591	0.24225	0	-	0	-
ENSMUST00000110152.2	Gm8300	multi_exon	5	31969	1	1	1	10470	Yes	5897	Yes
MSTRG.71599.1	Exosc9	multi_exon	20	3121	1	1	1	114	Yes	19	Yes
MSTRG.106180.7	Ric3	multi_exon	20	2456	1	1	1	189	Yes	13	Yes
MSTRG.36370.1	Gm25208	multi_exon	1	9927	1	0.772007	0.718054	312	Yes	0	-
MSTRG.36370.3	Gm25208	multi_exon	1	9946	1	0.676265	0.6556	71	Yes	0	-
MSTRG.31427.1	Gm8674	multi_exon	8	577	1	1	1	47	Yes	2	Yes
MSTRG.31427.2	Gm8674	multi_exon	13	156389	1	1	1	22287	Yes	2988	Yes
ENSMUST00000204055.1	RP24-108G5.4	single_exon	4	839	1	1	1	239	Yes	87	Yes
MSTRG.24941.2	Hdac9	multi_exon	16	95205	1	1	1	16694	Yes	653	Yes
MSTRG.100901.1	MSTRG.100901	single_exon	7	125032	1	1	0.944894	257	Yes	0	-
MSTRG.35960.1	1700087M22Rik	multi_exon	20	491408	1	1	1	88111	Yes	9076	Yes
MSTRG.27340.1	Gm2022	multi_exon	5	105149	1	1	1	38470	Yes	31176	Yes
MSTRG.21816.4	Nsf	multi_exon	23	18169	1	1	1	1714	Yes	212	Yes
MSTRG.17581.1	Dppa1	multi_exon	3	814	1	1	1	366	Yes	12	Yes
MSTRG.51184.1	Esp24	multi_exon	1	218	1	1	1	175	Yes	6	Yes
MSTRG.27340.7	Gm2022	multi_exon	11	104188	1	1	1	31955	Yes	8118	Yes
MSTRG.28893.10	Abcb5	multi_exon	1	644	1	1	0.807606	99	Yes	0	-
MSTRG.64535.9	Cers6	multi_exon	10	54884	1	1	1	7687	Yes	2039	Yes
MSTRG.29688.1	Pou6f2	multi_exon	52	411926	1	1	0.952724	17615	Yes	1	Yes
MSTRG.66935.1	Fgf7	multi_exon	17	226395	1	1	1	44623	Yes	2534	Yes
MSTRG.97232.1	2310040G24Rik	multi_exon	7	7084	1	1	1	338	Yes	13	Yes
MSTRG.97232.3	2310040G24Rik	multi_exon	16	14284	1	1	1	1181	Yes	367	Yes
MSTRG.21899.32	Gm11640	multi_exon	14	144065	1	1	1	26219	Yes	423	Yes
MSTRG.67630.4	Sel1l2	multi_exon	13	238157	1	1	1	46928	Yes	1608	Yes
MSTRG.67630.5	Sel1l2	multi_exon	1	21156	1	0.607649	0.567443	6	Yes	0	-
ENSMUST00000110149.1	BB287469	multi_exon	5	107611	1	1	1	61531	Yes	32060	Yes
MSTRG.88242.1	RP23-332O18.2	multi_exon	37	398413	1	1	1	48379	Yes	23	Yes
MSTRG.115412.1	Fbxl12	multi_exon	28	135088	1	1	1	9614	Yes	560	Yes
MSTRG.34571.18	Arl15	multi_exon	14	151108	1	1	1	25051	Yes	5439	Yes
MSTRG.87809.1	Arap2	multi_exon	16	66834	1	1	1	11585	Yes	1355	Yes
MSTRG.85835.10	Speer4d	multi_exon	11	17440	1	1	1	1933	Yes	79	Yes
MSTRG.44232.17	Tfcp2	multi_exon	1	7363	1	1	0.745394	153	Yes	0	-
ENSMUST00000180168.1	Gm7102	single_exon	4	62741	1	1	1	30349	Yes	535	Yes
MSTRG.111920.15	Inpp4b	multi_exon	12	4	0	1	0.491228	0	-	0	-
MSTRG.56958.1	Dcc	multi_exon	10	43837	1	1	1	9734	Yes	7058	Yes
MSTRG.115383.1	Zfp560	multi_exon	14	295309	1	1	1	48424	Yes	1181	Yes
MSTRG.56958.2	Dcc	multi_exon	1	22320	1	1	0.743268	15	Yes	0	-
MSTRG.25016.1	Meox2	multi_exon	19	156759	1	1	0.847857	15665	Yes	2	Yes
MSTRG.115383.4	Zfp560	multi_exon	2	36671	1	1	1	8	Yes	2	Yes
MSTRG.88041.19	Limch1	multi_exon	11	37739	1	1	1	5114	Yes	75	Yes
MSTRG.115383.7	Zfp560	multi_exon	17	334915	1	1	1	49390	Yes	364	Yes
MSTRG.11181.1	Dcbld1	multi_exon	1	30647	1	1	0.667188	1	Yes	0	-
MSTRG.78899.6	4930578G10Rik	multi_exon	1	1828	1	0.503063	0.470027	509	Yes	0	-
ENSMUST00000178510.1	Tcstv1	single_exon	3	16757	1	1	1	2627	Yes	225	Yes
MSTRG.71544.1	Atp11b	multi_exon	4	116849	1	1	0.98556	54245	Yes	1	Yes
MSTRG.11181.2	Dcbld1	multi_exon	13	355765	1	1	1	73032	Yes	3445	Yes
MSTRG.126733.5	Sh3kbp1	multi_exon	1	21521	1	1	0.723776	4	Yes	0	-
MSTRG.126733.6	Sh3kbp1	multi_exon	13	239013	1	1	1	58537	Yes	5085	Yes
MSTRG.11181.4	Dcbld1	multi_exon	10	48181	1	1	1	11600	Yes	3475	Yes
ENSMUST00000181313.1	Gm21936	multi_exon	5	63475	1	1	1	31570	Yes	19137	Yes
MSTRG.74354.2	Setdb1	multi_exon	61	91789	1	1	1	3185	Yes	26	Yes
MSTRG.81439.1	Gm12723	multi_exon	1	781	1	1	1	160	Yes	2	Yes
MSTRG.123579.1	Gm4989	multi_exon	16	397708	1	1	1	63623	Yes	1108	Yes
MSTRG.14778.1	Ifng	multi_exon	13	34844	1	1	1	4713	Yes	520	Yes
MSTRG.119058.3	Slc9a9	multi_exon	1	7808	1	1	0.796545	2	Yes	0	-
MSTRG.100280.1	Tmtc1	multi_exon	2	6543	1	1	1	5498	Yes	1409	Yes
MSTRG.68916.4	Hnf4aos	multi_exon	31	112519	1	1	1	9119	Yes	595	Yes
MSTRG.20483.4	Brip1os	multi_exon	1	290	1	0.41063	0.305405	16	Yes	0	-
MSTRG.100329.11	Amn1	multi_exon	14	80491	1	1	1	9829	Yes	841	Yes
ENSMUST00000152079.1	Gm14929	multi_exon	1	915	1	1	0.922824	473	Yes	1	Yes
MSTRG.27299.21	Alkbh1	multi_exon	5	12840	1	1	1	6311	Yes	2336	Yes
MSTRG.89591.3	Slc10a6	multi_exon	14	48475	1	1	1	10896	Yes	392	Yes
MSTRG.4549.3	Pign	multi_exon	13	34611	1	1	1	3729	Yes	796	Yes
MSTRG.33879.1	5330416C01Rik	multi_exon	1	25572	1	0.695603	0.689284	218	Yes	0	-
MSTRG.64450.11	Csrnp3	multi_exon	2	638	1	1	0.998296	175	Yes	2	Yes
MSTRG.80434.15	Ttc39b	multi_exon	19	556661	1	1	1	82143	Yes	5621	Yes
MSTRG.125875.1	4933428M09Rik	multi_exon	1	567	1	1	0.999155	4	Yes	1	Yes
MSTRG.105712.3	Dnajb13	multi_exon	1	115	1	1	0.776824	4	Yes	0	-
MSTRG.35754.1	Duxbl2	multi_exon	5	739	1	1	1	208	Yes	103	Yes
MSTRG.37829.2	Fbxo16	multi_exon	14	377305	1	1	1	67652	Yes	4675	Yes
MSTRG.115122.2	Endod1	multi_exon	13	198867	1	1	1	39165	Yes	3996	Yes
MSTRG.123856.2	Gm14760	multi_exon	4	12153	1	1	0.847514	1698	Yes	0	-
MSTRG.36397.2	Gm25228	multi_exon	13	20441	1	1	1	4453	Yes	1087	Yes
MSTRG.81459.5	Gm12724	multi_exon	1	14588	1	1	0.828343	2	Yes	0	-
MSTRG.100854.2	Gm4011	multi_exon	17	240398	1	1	1	52042	Yes	18	Yes
MSTRG.81893.2	Gm12814	multi_exon	13	95594	1	1	1	16110	Yes	150	Yes
MSTRG.81459.9	Gm12724	multi_exon	13	41023	1	1	1	9590	Yes	1843	Yes
ENSMUST00000197277.1	RP23-465P18.1	multi_exon	8	7314	1	1	1	764	Yes	21	Yes
MSTRG.32223.4	Gm24193	multi_exon	10	11615	1	1	1	1882	Yes	727	Yes
MSTRG.21900.1	MSTRG.21900	single_exon	8	3324	1	1	1	444	Yes	16	Yes
MSTRG.19306.3	Pelp1	multi_exon	12	410	1	1	1	82	Yes	33	Yes
MSTRG.438.10	Prex2	multi_exon	17	457883	1	1	1	85114	Yes	2320	Yes
MSTRG.7859.4	Adss	multi_exon	2	3756	0.465753	1	0.913333	2	Yes	0	-
MSTRG.13588.1	Apaf1	multi_exon	6	1995	1	1	1	1274	Yes	779	Yes
ENSMUST00000200644.1	RP23-332O18.2	single_exon	14	11179	1	1	1	1793	Yes	12	Yes
MSTRG.96079.2	Gm5570	multi_exon	1	74	1	1	0.989209	1	Yes	1	Yes
MSTRG.109358.4	Nek5	single_exon	8	11199	1	1	1	155	Yes	1	Yes
MSTRG.112230.10	Lonp2	multi_exon	1	24595	1	1	0.713427	1	Yes	0	-
MSTRG.90670.3	C330018A13Rik	multi_exon	5	1072	1	1	0.763551	66	Yes	0	-
MSTRG.112230.12	Lonp2	multi_exon	10	44903	1	1	1	9630	Yes	3033	Yes
MSTRG.79343.1	MSTRG.79343	single_exon	18	1325	1	1	0.996454	122	Yes	2	Yes
MSTRG.91416.3	Tmem132c	multi_exon	17	69887	1	1	1	19	Yes	5	Yes
ENSMUST00000151575.6	Drr1	multi_exon	10	64386	1	1	1	19104	Yes	14479	Yes
MSTRG.112230.15	Lonp2	multi_exon	10	5650	1	1	1	65	Yes	35	Yes
MSTRG.95144.1	Sva	multi_exon	1	8465	1	1	0.753176	1	Yes	0	-
ENSMUST00000205198.1	RP24-328H10.1	multi_exon	22	945	1	1	1	238	Yes	63	Yes
MSTRG.95144.2	Sva	multi_exon	1	8471	1	1	0.787476	1	Yes	0	-
MSTRG.95144.3	Sva	multi_exon	10	25326	1	1	1	4193	Yes	1240	Yes
MSTRG.95144.4	Sva	multi_exon	10	25350	1	1	1	4193	Yes	1240	Yes
MSTRG.60862.7	Xpnpep1	multi_exon	16	9074	1	1	1	826	Yes	252	Yes
MSTRG.119853.1	Iqcf1	multi_exon	14	121391	1	1	1	14853	Yes	1125	Yes
MSTRG.60862.8	Xpnpep1	multi_exon	1	1128	1	1	1	158	Yes	2	Yes
MSTRG.95144.5	Sva	multi_exon	10	22621	1	1	1	4193	Yes	3205	Yes
MSTRG.16175.1	Sec61g	multi_exon	22	190863	1	1	1	26655	Yes	30	Yes
MSTRG.74217.2	Gm9121	multi_exon	1	2329	1	1	1	1094	Yes	236	Yes
MSTRG.116283.1	Olfr881	multi_exon	1	1300	1	0.686924	0.613426	211	Yes	0	-
MSTRG.16546.5	Ehbp1	multi_exon	13	161847	1	1	1	37652	Yes	3886	Yes
MSTRG.34782.1	Gm21762	multi_exon	1	12004	1	1	1	7594	Yes	185	Yes
MSTRG.3762.16	Cab39	multi_exon	1	1021	1	1	1	282	Yes	31	Yes
MSTRG.109294.1	Gm15292	single_exon	29	331333	1	1	0.878322	24428	Yes	0	-
MSTRG.86867.3	Nelfa	multi_exon	19	147639	1	1	1	1507	Yes	5	Yes
MSTRG.86867.4	Nelfa	multi_exon	52	951522	1	1	1	89533	Yes	3310	Yes
MSTRG.12195.6	Bicc1	multi_exon	54	24238	1	1	1	858	Yes	2	Yes
MSTRG.18596.18	Gm12619	multi_exon	5	240063	1	1	1	5155	Yes	120	Yes
MSTRG.86867.9	Nelfa	multi_exon	34	661621	1	1	1	87664	Yes	3313	Yes
MSTRG.78509.1	Akirin2	multi_exon	17	2453	1	1	1	430	Yes	93	Yes
ENSMUST00000204530.1	Gm8994	multi_exon	1	3386	1	1	1	510	Yes	191	Yes
MSTRG.66307.25	Aqr	multi_exon	1	14973	1	1	0.623294	1	Yes	0	-
ENSMUST00000148284.1	Gm14742	multi_exon	1	2422	1	1	1	885	Yes	28	Yes
MSTRG.124873.4	Atrx	multi_exon	5	4037	1	1	1	234	Yes	65	Yes
MSTRG.25294.1	Pnpla8	multi_exon	1	1072	1	0.23956	0.234661	73	Yes	0	-
ENSMUST00000075809.6	RP24-278I6.1	single_exon	1	2224	1	1	1	113	Yes	9	Yes
MSTRG.30407.8	Exoc2	multi_exon	1	752	1	1	1	654	Yes	33	Yes
MSTRG.65036.31	Cwc22	multi_exon	1	487	1	1	1	9	Yes	2	Yes
MSTRG.85805.1	Gm10354	multi_exon	2	3086	1	1	0.615616	179	Yes	0	-
ENSMUST00000204986.1	RP24-364D22.3	single_exon	2	21	1	0.910095	0.798064	5	Yes	0	-
MSTRG.65036.33	Cwc22	multi_exon	1	928	1	1	1	8	Yes	2	Yes
ENSMUST00000179905.1	AF067061	single_exon	3	12828	1	1	1	1482	Yes	73	Yes
MSTRG.76593.1	RP23-434M21.2	multi_exon	1	600	1	1	0.827206	3	Yes	0	-
ENSMUST00000155877.1	Atxn7l1os1	multi_exon	10	37534	1	1	1	10588	Yes	7624	Yes
MSTRG.3719.50	Gm16026	multi_exon	2	15520	1	1	1	2364	Yes	49	Yes
MSTRG.76593.2	RP23-434M21.2	multi_exon	1	986	1	0.807885	0.713432	3	Yes	0	-
MSTRG.85805.4	Gm10354	multi_exon	2	3402	1	1	0.837413	180	Yes	0	-
MSTRG.76593.3	RP23-434M21.2	multi_exon	1	600	1	1	0.827206	3	Yes	0	-
MSTRG.3719.11	A530040E14Rik	multi_exon	1	22542	1	1	0.99703	208	Yes	5	Yes
MSTRG.76593.4	RP23-434M21.2	multi_exon	1	668	1	1	0.64172	3	Yes	0	-
MSTRG.76593.5	RP23-434M21.2	multi_exon	1	76	1	1	0.603217	0	-	0	-
MSTRG.76593.6	RP23-434M21.2	multi_exon	1	605	1	1	0.604027	3	Yes	0	-
MSTRG.81459.12	Gm12724	multi_exon	13	34085	1	1	1	5650	Yes	1827	Yes
MSTRG.120236.5	2900079G21Rik	multi_exon	13	72444	1	1	1	11068	Yes	918	Yes
MSTRG.81459.15	Gm12724	multi_exon	30	9238	1	1	0.948653	577	Yes	2	Yes
MSTRG.81459.16	Gm12724	multi_exon	5	1191	1	1	1	518	Yes	281	Yes
MSTRG.33582.1	MSTRG.33582	single_exon	27	34284	1	1	1	3005	Yes	14	Yes
MSTRG.38313.1	Gm4285	single_exon	20	335657	1	1	1	50982	Yes	102	Yes
MSTRG.97279.8	Antxr1	multi_exon	1	15390	1	1	0.813953	4	Yes	0	-
MSTRG.5660.5	Chit1	multi_exon	16	179225	1	1	1	37535	Yes	5326	Yes
MSTRG.20641.3	Dynll2	multi_exon	7	5924	1	1	1	817	Yes	752	Yes
MSTRG.36540.5	Gm25353	multi_exon	8	7011	1	1	1	274	Yes	52	Yes
MSTRG.47742.6	Robo1	multi_exon	13	594203	1	1	1	130711	Yes	1328	Yes
MSTRG.66231.29	Katnbl1	multi_exon	5	11561	1	1	1	2842	Yes	661	Yes
MSTRG.74202.1	Gm9113	multi_exon	2	7017	1	1	1	721	Yes	71	Yes
MSTRG.65361.1	Pramel7	multi_exon	8	1706	1	1	1	383	Yes	39	Yes
MSTRG.6096.11	Gm5837	multi_exon	4	90280	1	1	1	17	Yes	2	Yes
MSTRG.103156.1	Klk1b24	multi_exon	19	238761	1	1	1	33461	Yes	2872	Yes
MSTRG.6096.14	Gm5837	multi_exon	13	481204	1	1	1	69949	Yes	2820	Yes
MSTRG.126512.2	Samt2	multi_exon	19	65124	1	1	1	15104	Yes	335	Yes
MSTRG.360.14	Sgk3	multi_exon	11	4147	1	1	1	399	Yes	9	Yes
MSTRG.100894.1	MSTRG.100894	multi_exon	12	164485	1	1	0.995652	186	Yes	5	Yes
MSTRG.65229.3	Fam171b	multi_exon	37	608431	1	1	1	51661	Yes	148	Yes
MSTRG.65361.7	Pramel7	multi_exon	5	959	1	1	1	246	Yes	24	Yes
MSTRG.45103.12	Ciita	multi_exon	8	264	1	1	1	50	Yes	29	Yes
MSTRG.60463.1	Scd3	multi_exon	14	117296	1	1	1	17289	Yes	1589	Yes
MSTRG.16878.1	Gm12079	multi_exon	2	11375	1	1	0.814202	25	Yes	0	-
MSTRG.60463.9	Scd3	multi_exon	17	147795	1	1	1	21805	Yes	3088	Yes
MSTRG.36418.1	Gm8104	single_exon	26	67591	1	1	1	7204	Yes	2569	Yes
MSTRG.76984.1	RP24-267D17.2	multi_exon	1	311	1	1	1	101	Yes	4	Yes
ENSMUST00000051310.11	Ddhd1	multi_exon	21	5137	1	1	0.602076	5	Yes	0	-
MSTRG.104455.1	Gm23020	multi_exon	47	324335	1	1	1	692	Yes	107	Yes
MSTRG.104455.2	Gm23020	multi_exon	16	7035	1	1	1	561	Yes	90	Yes
ENSMUST00000191895.1	Gm37912	single_exon	9	4827	1	1	1	156	Yes	6	Yes
MSTRG.80180.5	Gm13867	multi_exon	28	868755	1	1	1	112407	Yes	174	Yes
ENSMUST00000180653.2	Platr31	multi_exon	1	3013	1	1	1	222	Yes	188	Yes
MSTRG.62246.2	Malrd1	multi_exon	5	722	1	1	1	267	Yes	82	Yes
MSTRG.29675.4	Yae1d1	multi_exon	1	15855	1	1	0.772388	1	Yes	0	-
MSTRG.99694.1	Gm8994	multi_exon	1	3386	1	1	1	510	Yes	191	Yes
MSTRG.1992.1	Gm28826	multi_exon	4	4648	1	1	1	134	Yes	8	Yes
MSTRG.2509.19	Trak2	multi_exon	14	224244	1	1	1	44228	Yes	1642	Yes
MSTRG.1992.2	Gm28826	multi_exon	4	5045	1	1	1	481	Yes	16	Yes
MSTRG.1335.1	AC107766.1	multi_exon	34	77495	1	1	0.782918	2237	Yes	0	-
MSTRG.115291.1	Ubtfl1	multi_exon	4	3763	1	1	1	570	Yes	18	Yes
MSTRG.101170.1	Gtpbp4-ps6	multi_exon	11	52316	1	1	1	4531	Yes	1251	Yes
MSTRG.66276.1	Gm13964	multi_exon	13	534241	1	1	1	33771	Yes	2120	Yes
MSTRG.86703.16	Nrbp1	multi_exon	2	1595	1	1	1	20	Yes	2	Yes
MSTRG.66276.5	Gm13964	multi_exon	13	530789	1	1	1	32942	Yes	2108	Yes
MSTRG.115290.12	Naalad2	multi_exon	1	816	1	1	1	431	Yes	199	Yes
MSTRG.64660.14	Dcaf17	multi_exon	21	7518	1	1	1	762	Yes	48	Yes
MSTRG.104465.1	Fam174b	multi_exon	11	1249	1	1	1	327	Yes	125	Yes
MSTRG.73230.5	Gm17895	multi_exon	8	4103	1	1	1	300	Yes	185	Yes
ENSMUST00000204022.1	RP23-265P8.3	multi_exon	4	630	1	1	1	14	Yes	2	Yes
MSTRG.36399.1	Gm23620	multi_exon	1	5880	1	1	0.809078	35	Yes	0	-
MSTRG.36399.2	Gm23620	multi_exon	1	5868	1	0.776449	0.564171	35	Yes	0	-
MSTRG.43215.21	Arhgap8	multi_exon	11	16955	1	1	1	1470	Yes	560	Yes
MSTRG.34957.2	Rpp14	multi_exon	17	312706	1	1	1	55018	Yes	115	Yes
MSTRG.121674.2	Drr1	multi_exon	7	42055	1	1	1	240	Yes	104	Yes
MSTRG.121674.3	Drr1	multi_exon	7	11150	1	1	1	189	Yes	99	Yes
MSTRG.120796.5	9530059O14Rik	multi_exon	13	214783	1	1	1	41107	Yes	2246	Yes
MSTRG.53300.5	Camkmt	multi_exon	14	282267	1	1	1	59595	Yes	1236	Yes
MSTRG.127180.1	Usp9y	multi_exon	1	325	1	1	0.760155	51	Yes	0	-
MSTRG.125510.1	Gm26475	multi_exon	26	161704	1	1	1	21267	Yes	738	Yes
MSTRG.27018.11	Rbm25	multi_exon	1	1440	1	1	1	12	Yes	5	Yes
MSTRG.67466.1	Lrrn4	multi_exon	16	156224	1	1	1	21554	Yes	2701	Yes
MSTRG.812.5	Il17f	multi_exon	1	477	1	1	1	254	Yes	28	Yes
MSTRG.60562.1	Tlx1	multi_exon	44	125062	1	1	1	14472	Yes	23	Yes
MSTRG.27018.16	Rbm25	multi_exon	1	1687	1	1	0.664706	12	Yes	0	-
MSTRG.27018.18	Rbm25	multi_exon	10	21719	1	1	1	5178	Yes	3067	Yes
MSTRG.81711.2	Zcchc11	multi_exon	1	430	1	1	0.996923	47	Yes	3	Yes
MSTRG.15985.2	Eif3s6-ps1	multi_exon	32	108395	1	1	1	12747	Yes	2	Yes
MSTRG.67437.10	AU019990	multi_exon	1	1239	1	1	1	510	Yes	12	Yes
MSTRG.48962.16	Sft2d1	multi_exon	1	6993	1	1	0.579108	2	Yes	0	-
MSTRG.17649.1	Gm12183	multi_exon	5	16800	1	1	1	728	Yes	7	Yes
MSTRG.85850.1	Speer4cos	multi_exon	14	15930	1	1	1	2992	Yes	284	Yes
MSTRG.48962.17	Sft2d1	multi_exon	7	8993	1	1	1	4113	Yes	3557	Yes
MSTRG.52615.1	2410021H03Rik	multi_exon	1	506	1	1	1	435	Yes	288	Yes
MSTRG.67437.12	AU019990	multi_exon	5	5423	1	1	1	721	Yes	56	Yes
MSTRG.122727.1	Usp26	multi_exon	1	474	1	1	1	24	Yes	24	Yes
MSTRG.5380.2	Dyrk3	multi_exon	28	7631	1	1	1	935	Yes	160	Yes
ENSMUST00000164517.2	Gm21319	multi_exon	5	28992	1	1	1	8399	Yes	4040	Yes
MSTRG.65036.4	Cwc22	multi_exon	2	631	1	1	1	24	Yes	3	Yes
MSTRG.115602.7	Zfp809	multi_exon	26	22790	1	1	1	780	Yes	57	Yes
ENSMUST00000203850.1	Ccser1	multi_exon	1	6577	1	1	1	1426	Yes	1314	Yes
MSTRG.26387.3	Mnat1	multi_exon	10	73978	1	1	1	25288	Yes	8296	Yes
MSTRG.33678.1	Scamp1	multi_exon	17	321723	1	1	1	51462	Yes	4567	Yes
MSTRG.33678.2	Scamp1	multi_exon	5	59419	1	1	1	60	Yes	5	Yes
ENSMUST00000204151.1	RP24-108G5.5	single_exon	4	415	1	1	1	112	Yes	48	Yes
ENSMUST00000107130.3	Zfp353-ps	single_exon	1	1985	1	1	1	564	Yes	115	Yes
MSTRG.82240.9	Tie1	multi_exon	13	549937	1	1	1	125013	Yes	4571	Yes
MSTRG.34784.1	MSTRG.34784	single_exon	5	24018	1	1	1	2051	Yes	43	Yes
MSTRG.97159.10	Cml2	multi_exon	4	94603	1	1	0.951278	40730	Yes	12	Yes
MSTRG.40632.3	Ctnnd2	single_exon	11	267401	1	1	0.612255	63354	Yes	0	-
MSTRG.11011.2	Popdc3	multi_exon	1	1202	1	1	0.935872	122	Yes	2	Yes
MSTRG.92455.2	RP23-462C22.2	multi_exon	13	75083	1	1	1	10284	Yes	1505	Yes
MSTRG.101823.2	Ceacam1	multi_exon	20	354002	1	1	1	49934	Yes	1662	Yes
MSTRG.11011.3	Popdc3	multi_exon	1	1229	1	1	1	126	Yes	40	Yes
MSTRG.22515.1	Grb2	multi_exon	8	946	1	1	0.990689	40	Yes	9	Yes
MSTRG.49285.2	Wdr27	multi_exon	16	72	0	1	0.488722	0	-	0	-
MSTRG.58857.1	Gm26993	multi_exon	1	676	1	1	0.714286	29	Yes	0	-
ENSMUST00000159517.1	Gm4778	multi_exon	1	2370	1	1	1	451	Yes	20	Yes
MSTRG.713.1	Gm28376	multi_exon	10	66163	1	1	1	24608	Yes	16926	Yes
MSTRG.713.3	Gm28376	multi_exon	10	60221	1	1	1	24833	Yes	21753	Yes
MSTRG.95567.1	RP23-198D7.5	multi_exon	1	6847	1	1	1	2118	Yes	78	Yes
MSTRG.713.4	Gm28376	multi_exon	10	56694	1	1	1	24515	Yes	21764	Yes
MSTRG.22515.7	Grb2	multi_exon	54	15615	1	1	1	1237	Yes	78	Yes
MSTRG.713.6	Gm28376	multi_exon	1	5317	1	1	1	159	Yes	137	Yes
MSTRG.74195.1	Tdpoz3	multi_exon	4	3544	1	1	0.99511	232	Yes	3	Yes
MSTRG.65234.2	Zswim2	multi_exon	10	85714	1	1	1	30533	Yes	20407	Yes
MSTRG.74195.2	Tdpoz3	multi_exon	13	7984	1	1	1	1471	Yes	199	Yes
MSTRG.76476.5	Dnajb14	multi_exon	1	1319	1	1	1	538	Yes	14	Yes
MSTRG.84479.5	Pramef17	multi_exon	14	70773	1	1	1	12913	Yes	1305	Yes
MSTRG.65234.9	Zswim2	multi_exon	17	51691	1	1	1	640	Yes	6	Yes
MSTRG.87826.5	0610040J01Rik	multi_exon	10	47816	1	1	1	2874	Yes	1215	Yes
MSTRG.60765.3	Obfc1	multi_exon	4	29809	1	1	0.902115	13603	Yes	2	Yes
MSTRG.7750.1	Exo1	multi_exon	13	405508	1	1	1	90450	Yes	8795	Yes
MSTRG.120781.2	Ano10	multi_exon	2	20075	1	1	0.988318	2	Yes	0	-
MSTRG.27354.1	Gm5662	multi_exon	5	47753	1	1	1	23414	Yes	12552	Yes
MSTRG.51044.1	Gm20451	single_exon	52	3190055	1	1	0.871143	187282	Yes	0	-
MSTRG.27354.3	Gm8332	multi_exon	5	53671	1	1	1	15091	Yes	11335	Yes
MSTRG.21853.1	Kansl1	multi_exon	21	6128	1	1	1	33	Yes	2	Yes
MSTRG.27354.6	Gm5662	multi_exon	5	28121	1	1	1	14904	Yes	11434	Yes
MSTRG.124337.1	Gm9043	multi_exon	1	1543	1	1	1	462	Yes	41	Yes
MSTRG.124337.2	Gm9043	multi_exon	2	2679	1	1	1	587	Yes	40	Yes
MSTRG.76332.2	Tacr3	multi_exon	4	1807	1	1	0.970183	136	Yes	0	-
MSTRG.49587.11	Zfp51	multi_exon	1	1172	1	1	0.741379	5	Yes	0	-
MSTRG.121829.1	Chst7	multi_exon	13	262337	1	1	1	66639	Yes	9940	Yes
ENSMUST00000075953.1	Tdpoz4	single_exon	5	3203	1	1	0.962521	51	Yes	0	-
MSTRG.17703.8	Cnot6	multi_exon	12	1929	1	1	1	446	Yes	122	Yes
MSTRG.67521.15	Plcb1	multi_exon	1	3285	1	1	0.738434	24	Yes	0	-
MSTRG.88063.1	Gm23841	multi_exon	8	16973	1	1	1	85	Yes	54	Yes
ENSMUST00000116784.1	Gm23177	single_exon	2	710	1	1	0.863741	30	Yes	0	-
MSTRG.59287.1	Gm21542	multi_exon	8	4431	1	1	1	1059	Yes	208	Yes
MSTRG.59287.4	Gm21542	multi_exon	9	2889	1	1	1	187	Yes	28	Yes
ENSMUST00000192611.1	Sccpdh	single_exon	8	7268	1	1	1	1130	Yes	360	Yes
MSTRG.75647.1	MSTRG.75647	single_exon	8	4365	1	1	1	135	Yes	6	Yes
MSTRG.64591.18	Ppig	multi_exon	5	5439	1	1	1	384	Yes	22	Yes
MSTRG.27306.1	Gm8300	multi_exon	26	267668	1	1	1	30443	Yes	108	Yes
MSTRG.27306.2	Gm8300	multi_exon	5	66613	1	1	1	28824	Yes	15462	Yes
MSTRG.97279.15	Antxr1	multi_exon	10	51228	1	1	1	15068	Yes	11323	Yes
MSTRG.62444.3	Gm13335	multi_exon	1	34689	1	0.651842	0.594675	566	Yes	0	-
MSTRG.17136.1	Gm12114	multi_exon	17	245622	1	1	1	43854	Yes	1979	Yes
MSTRG.62444.6	Gm13335	multi_exon	1	27997	1	0.768755	0.688475	5	Yes	0	-
MSTRG.24729.2	Tpo	multi_exon	23	57850	1	1	1	6454	Yes	68	Yes
MSTRG.16783.12	5730522E02Rik	multi_exon	1	4571	1	0.393391	0.368324	0	-	0	-
MSTRG.96430.5	Igkv1-117	multi_exon	6	11786	1	1	1	301	Yes	6	Yes
MSTRG.75657.2	Gm26137	multi_exon	1	839	1	1	0.723716	2	Yes	0	-
ENSMUST00000197021.1	Ankrd17	multi_exon	3	521	1	1	1	58	Yes	15	Yes
MSTRG.14730.2	Slc35e3	multi_exon	44	64426	1	1	1	7767	Yes	1248	Yes
MSTRG.33975.1	Map1b	multi_exon	5	163	1	1	1	8	Yes	3	Yes
MSTRG.33975.4	Map1b	multi_exon	19	90576	1	1	0.994781	6503	Yes	1	Yes
MSTRG.95785.1	MSTRG.95785	single_exon	5	1164	1	1	0.616248	116	Yes	0	-
MSTRG.79162.1	Gm12408	single_exon	128	2120317	1	1	1	66953	Yes	19	Yes
MSTRG.97449.1	Gm6507	multi_exon	2	4424	1	1	0.849348	16	Yes	0	-
MSTRG.66307.8	Aqr	multi_exon	4	63658	1	1	0.919757	28590	Yes	0	-
MSTRG.66270.11	Fmn1	multi_exon	21	698482	1	1	0.987835	33675	Yes	4	Yes
MSTRG.119466.3	Gm16004	multi_exon	30	151554	1	1	1	1744	Yes	48	Yes
MSTRG.109330.1	AY761184	multi_exon	2	567	1	1	1	19	Yes	12	Yes
MSTRG.108224.9	Dhcr7	multi_exon	1	1029	1	1	1	26	Yes	1	Yes
MSTRG.63507.1	Traf1	multi_exon	16	1883	1	1	0.969072	66	Yes	3	Yes
MSTRG.63507.3	Traf1	multi_exon	26	4022	1	1	1	347	Yes	5	Yes
MSTRG.53771.1	Gm20939	multi_exon	1	493	1	1	0.740816	14	Yes	0	-
ENSMUST00000199819.1	RP24-411A22.2	multi_exon	2	3126	1	1	1	907	Yes	3	Yes
MSTRG.49587.1	Zfp51	multi_exon	7	3654	1	1	1	30	Yes	5	Yes
ENSMUST00000119613.1	Gm5939	single_exon	1	2415	1	0.874782	0.8433	185	Yes	1	Yes
MSTRG.11170.7	Ros1	multi_exon	11	3611	1	1	1	908	Yes	187	Yes
MSTRG.16672.3	1700093K21Rik	multi_exon	26	13768	1	1	1	920	Yes	58	Yes
MSTRG.49587.9	Zfp51	multi_exon	1	1360	1	1	0.759162	4	Yes	0	-
MSTRG.55006.3	Gm16344	multi_exon	1	1803	1	1	0.812645	164	Yes	0	-
MSTRG.68147.18	Csnk2a1	multi_exon	13	213268	1	1	1	44080	Yes	1166	Yes
MSTRG.45230.1	Ercc4	multi_exon	7	620691	1	1	1	316402	Yes	370	Yes
MSTRG.84444.5	BC080695	multi_exon	1	1062	1	1	1	13	Yes	7	Yes
MSTRG.45230.3	Ercc4	multi_exon	10	86598	1	1	1	21539	Yes	6873	Yes
MSTRG.116579.1	Cbl	multi_exon	10	53616	1	1	1	105	Yes	27	Yes
MSTRG.84444.8	Gm13040	multi_exon	1	2560	1	1	1	564	Yes	38	Yes
MSTRG.125049.1	Gm14886	multi_exon	4	149	1	1	1	15	Yes	4	Yes
MSTRG.118677.1	Rps27a-ps2	multi_exon	7	11573	1	1	0.903919	18	Yes	1	Yes
MSTRG.77272.3	RP24-411A22.2	multi_exon	2	2645	1	1	1	907	Yes	26	Yes
MSTRG.60774.18	Cfap43	multi_exon	14	22	0.0985915	1	0.62234	0	-	0	-
MSTRG.122244.5	Gm14552	multi_exon	1	4957	1	1	1	116	Yes	4	Yes
MSTRG.109327.2	Defa26	single_exon	29	413907	1	1	0.865471	27899	Yes	0	-
MSTRG.15655.4	Thoc5	multi_exon	1	592	1	1	1	261	Yes	11	Yes
ENSMUST00000101168.3	Gm5662	multi_exon	5	52813	1	1	1	23418	Yes	12372	Yes
MSTRG.19794.4	Cpd	multi_exon	13	85765	1	1	1	28579	Yes	11477	Yes
MSTRG.74432.1	Bola1	multi_exon	4	67647	1	1	1	134	Yes	68	Yes
MSTRG.57302.6	Pias2	multi_exon	1	596	1	1	0.702768	8	Yes	0	-
MSTRG.80114.5	Gm11232	multi_exon	13	148966	1	1	1	27461	Yes	417	Yes
MSTRG.105895.1	Usp17ld	multi_exon	9	9878	1	1	1	1320	Yes	76	Yes
MSTRG.97159.3	Cml2	multi_exon	13	147789	1	1	1	37969	Yes	14818	Yes
MSTRG.105895.2	Usp17ld	multi_exon	5	6053	1	1	1	618	Yes	249	Yes
MSTRG.33091.2	Arsk	multi_exon	22	1119024	1	1	1	179223	Yes	4904	Yes
MSTRG.97159.7	Cml2	multi_exon	23	208168	1	1	1	38995	Yes	14837	Yes
MSTRG.105895.6	Gm25171	multi_exon	13	50548	1	1	1	4783	Yes	1347	Yes
ENSMUST00000159524.1	Gm5286	multi_exon	1	6261	1	1	1	1260	Yes	123	Yes
MSTRG.2004.1	Gm22419	multi_exon	1	656	1	1	0.90201	8	Yes	0	-
ENSMUST00000098878.3	Gm4778	single_exon	2	3250	1	1	1	1659	Yes	657	Yes
MSTRG.77361.1	Gm11784	multi_exon	26	72292	1	0.880927	0.88097	3673	Yes	13	Yes
MSTRG.85809.1	MSTRG.85809	multi_exon	1	5430	1	0.256174	0.255591	51	Yes	0	-
MSTRG.77361.4	Gm11784	multi_exon	14	16895	1	1	1	2454	Yes	522	Yes
MSTRG.81289.12	Gm12790	multi_exon	4	139839	1	1	1	41	Yes	22	Yes
ENSMUST00000107129.1	Zfp352	multi_exon	1	6441	1	1	1	1078	Yes	178	Yes
ENSMUST00000197774.1	RP23-434M21.2	multi_exon	1	319	1	1	0.715421	10	Yes	0	-
MSTRG.21899.10	Tlk2	multi_exon	4	719	1	1	1	232	Yes	168	Yes
MSTRG.86435.1	Rbm33	multi_exon	1	394	1	1	1	130	Yes	2	Yes
MSTRG.6376.2	1700025G04Rik	multi_exon	3	664	1	1	1	268	Yes	149	Yes
MSTRG.647.28	Ube2w	multi_exon	16	70089	1	1	1	7994	Yes	387	Yes
MSTRG.112202.4	Neto2	multi_exon	41	13978	1	1	0.923492	83	Yes	2	Yes
MSTRG.56182.1	Csnk1g3	multi_exon	13	324395	1	1	1	68518	Yes	8895	Yes
MSTRG.80317.1	Gm11408	multi_exon	16	88022	1	1	1	6253	Yes	746	Yes
MSTRG.37536.1	Phf11a	multi_exon	1	71583	1	1	0.772812	3	Yes	0	-
MSTRG.33180.1	Gm6317	single_exon	45	550366	1	1	0.850309	37750	Yes	0	-
MSTRG.56182.6	Csnk1g3	multi_exon	3	3153	1	1	1	1380	Yes	392	Yes
MSTRG.37536.2	Phf11a	multi_exon	10	60623	1	1	1	15996	Yes	5131	Yes
MSTRG.27777.1	Cpsf2	multi_exon	3	757	1	1	1	44	Yes	26	Yes
MSTRG.34954.4	Abhd6	multi_exon	1	1830	1	1	1	189	Yes	6	Yes
MSTRG.91747.1	MSTRG.91747	single_exon	2	2319	1	1	1	2099	Yes	1715	Yes
MSTRG.112658.1	Kifc3	multi_exon	48	769218	1	1	1	59040	Yes	3322	Yes
MSTRG.51130.1	Olfr759-ps1	multi_exon	1	12128	1	1	0.743728	0	-	0	-
MSTRG.37536.6	Phf11a	multi_exon	4	603	1	1	1	75	Yes	55	Yes
MSTRG.42546.5	Apol7e	multi_exon	1	269	1	1	1	70	Yes	9	Yes
MSTRG.96838.2	RP24-278I6.1	multi_exon	1	2920	1	1	0.953753	139	Yes	1	Yes
MSTRG.121674.11	Drr1	multi_exon	7	46301	1	1	1	243	Yes	113	Yes
MSTRG.91037.12	Gpn3	multi_exon	5	1593	1	1	1	339	Yes	98	Yes
MSTRG.117794.1	Vwa9	multi_exon	3	331	1	1	1	19	Yes	4	Yes
MSTRG.118786.1	Ube2cbp	multi_exon	9	5201	1	1	0.924224	22	Yes	0	-
MSTRG.91137.24	Vps33a	multi_exon	15	43743	1	1	1	1557	Yes	538	Yes
MSTRG.34781.1	AF067061	multi_exon	4	23581	1	1	1	4832	Yes	1641	Yes
MSTRG.68031.2	Gm28450	multi_exon	19	333912	1	1	0.906692	46999	Yes	0	-
MSTRG.34781.2	Gm20767	multi_exon	4	25245	1	1	1	4839	Yes	1473	Yes
ENSMUST00000090853.4	Gm5773	single_exon	3	2744	1	1	1	864	Yes	37	Yes
MSTRG.34781.5	Gm21818	multi_exon	1	5558	1	1	1	3119	Yes	2282	Yes
MSTRG.100902.1	MSTRG.100902	single_exon	6	51170	1	1	0.950037	198	Yes	0	-
MSTRG.34781.6	AF067061	multi_exon	1	8641	1	1	1	191	Yes	16	Yes
ENSMUST00000196145.3	RP24-152F23.2	multi_exon	1	1260	1	1	0.979275	4	Yes	3	Yes
MSTRG.107229.3	Ctf2	multi_exon	37	556739	1	1	1	48488	Yes	2723	Yes
MSTRG.16699.8	Papolg	multi_exon	1	394	1	1	1	54	Yes	42	Yes
MSTRG.82036.1	Gpbp1l1	multi_exon	2	38429	1	1	1	84	Yes	5	Yes
MSTRG.14195.1	Gm24745	single_exon	9	121684	1	1	1	31681	Yes	3295	Yes
MSTRG.117463.19	Neo1	multi_exon	1	40090	1	1	1	495	Yes	5	Yes
MSTRG.25934.4	Gm7719	multi_exon	21	7906	1	1	1	713	Yes	95	Yes
MSTRG.49539.1	Vmn1r227	multi_exon	28	209289	1	1	1	29924	Yes	275	Yes
ENSMUST00000160351.1	Gm16243	multi_exon	1	342	1	1	1	199	Yes	158	Yes
MSTRG.82036.5	Gpbp1l1	multi_exon	10	64841	1	1	1	3966	Yes	903	Yes
MSTRG.74221.3	Gm5286	multi_exon	1	4328	1	1	1	2120	Yes	1748	Yes
MSTRG.74221.4	Gm9124	multi_exon	1	8582	1	1	1	2141	Yes	219	Yes
MSTRG.29233.2	Chrm3	multi_exon	13	370666	1	1	1	85236	Yes	1740	Yes
MSTRG.100256.2	Gm15762	multi_exon	13	361670	1	1	1	79896	Yes	3837	Yes
MSTRG.18391.1	Olfr329-ps	multi_exon	1	63	1	1	0.793893	6	Yes	0	-
MSTRG.3715.38	C130026I21Rik	multi_exon	8	47170	1	1	1	1568	Yes	531	Yes
MSTRG.19548.2	Olfr376	multi_exon	1	422	1	1	1	185	Yes	9	Yes
MSTRG.3715.39	Sp110	multi_exon	25	87042	1	1	1	5043	Yes	244	Yes
MSTRG.98580.1	Gm7292	multi_exon	29	159417	1	1	0.968344	17108	Yes	0	-
MSTRG.85839.2	RP23-465P18.1	multi_exon	5	2524	1	1	1	745	Yes	368	Yes
MSTRG.60739.4	Calhm3	multi_exon	6	8	1	1	1	4	Yes	2	Yes
MSTRG.44550.1	Gm22862	multi_exon	46	312031	1	1	1	3484	Yes	67	Yes
MSTRG.84476.6	Pramef25	multi_exon	34	16367	1	1	1	1132	Yes	69	Yes
MSTRG.44550.3	Gm22862	multi_exon	64	693263	1	1	1	27998	Yes	104	Yes
MSTRG.84476.7	Pramef25	multi_exon	5	2074	1	1	1	190	Yes	3	Yes
MSTRG.111069.6	Trim60	multi_exon	11	48179	1	1	1	197	Yes	38	Yes
MSTRG.84476.8	Pramef25	multi_exon	29	11781	1	1	1	936	Yes	116	Yes
MSTRG.111069.7	Trim75	multi_exon	44	101016	1	1	1	1586	Yes	83	Yes
